no, 2
se, 2
porque, 1
pienso, 1
que, 7
escribir, 5
de, 6
esta, 2
manera, 2
probara, 1
mi, 4
capacidad, 1
para, 4
mucho, 1
mas, 2
rapido, 2
y, 5
sin, 1
acentos, 1
sea, 1
unica, 1
forma, 1
en, 3
pagina, 1
pero, 1
aun, 1
asi, 3
tengo, 1
seguir, 1
comprobando, 1
esto, 2
hago, 1
este, 2
texto, 2
comprobar, 1
nuevo, 1
mis, 1
habilidades, 1
velocidad, 2
solo, 1
estoy, 1
poniendo, 1
palabras, 2
o, 2
frases, 1
aleatorias, 1
llenar, 1
suficientes, 1
lineas, 1
darme, 1
cuenta, 1
al, 1
alguna, 1
ponga, 1
una, 1
barra, 1
tratar, 1
superarla, 1
haciendo, 1
el, 2
mismo, 1
test, 1
varias, 1
veces, 1
hasta, 1
pueda, 2
escribirlo, 1
todo, 2
aunque, 1
si, 1
llegara, 1
dia, 1
menos, 1
un, 1
minuto, 1
